Freq (-1°C),Phase (-1°C),Freq (-2°C),Phase (-2°C),Freq (-3°C),Phase (-3°C),Freq (-5°C),Phase (-5°C),Freq (-7.5°C),Phase (-7.5°C),Freq (-10°C),Phase (-10°C)
16.06378760294052,-3.54485880921066,16.06378760294052,-2.202275992247821,16.237767391887218,-2.2607706240327006,16.06378760294052,-3.1546329894136096,16.06378760294052,-6.3959391270675745,16.06378760294052,-8.260416588318408
16.548417863292308,-3.360061113679194,16.548417863292308,-2.136638239621119,16.726441189613944,-2.1854557337234954,16.548417863292308,-3.255920023793058,16.548417863292308,-6.5484303496900536,16.548417863292308,-8.641091642483715
17.04766898984665,-3.181831400602352,17.04766898984665,-2.0758169983910273,17.229821570753362,-2.119059407350051,17.04766898984665,-3.3616458624686043,17.04766898984665,-6.707109434430821,17.04766898984665,-9.017147507310716
17.561982081201784,-3.0101134180419944,17.561982081201784,-2.019781660962736,17.7483511282922,-2.0614577549770647,17.561982081201784,-3.4717380621425127,17.561982081201784,-6.871815461397823,17.561982081201784,-9.388621713066113
18.091811543510442,-2.8448509140599767,18.091811543510442,-1.9685016197414262,18.28248577500375,-2.012526886669229,18.091811543510442,-3.5861241795170566,18.091811543510442,-7.042387510699012,18.091811543510442,-9.755551790016636
18.637625491956946,-2.6859876367181577,18.637625491956946,-1.9219462671322851,18.832695144305323,-1.9721429124912409,18.637625491956946,-3.704731771294499,18.637625491956946,-7.218664662442336,18.637625491956946,-10.117975268428992
19.199906164346633,-2.533467334078391,19.199906164346633,-1.8800849955404957,19.399463003179534,-1.9401819425077953,19.199906164346633,-3.827488394177113,19.199906164346633,-7.400485996735752,19.199906164346633,-10.475929678569907
19.779150347172727,-2.3872337542025424,19.779150347172727,-1.8428871973712435,19.983287677522338,-1.916520086783589,19.779150347172727,-3.9543216048671614,19.779150347172727,-7.587690593687204,19.779150347172727,-10.829452550706089
20.375869814537516,-2.247230645152457,20.375869814537516,-1.810322265029713,20.584682490291954,-1.9010334553833161,20.375869814537516,-4.085158960066918,20.375869814537516,-7.780117533404649,20.375869814537516,-11.178581415104263
20.99059178031512,-2.113401754990002,20.99059178031512,-1.7823595909210899,21.204176212843716,-1.893598158371673,20.99059178031512,-4.219928016478645,20.99059178031512,-7.97760589599603,20.99059178031512,-11.523353802031139
21.62385936395588,-1.9856908317770312,21.62385936395588,-1.7589685674505573,21.84231352984791,-1.894090305813355,21.62385936395588,-4.358556330804616,21.62385936395588,-8.179994761569306,21.62385936395588,-11.863807241753445
22.27623207034339,-1.864041623575401,22.27623207034339,-1.740118587023302,22.499655518199187,-1.9023860077730572,22.27623207034339,-4.500971459747094,22.27623207034339,-8.387123210232424,22.27623207034339,-12.19997926453788
22.948286284128656,-1.74839787844697,22.948286284128656,-1.7257790420445063,23.176780140338728,-1.9183613743154748,22.948286284128656,-4.64710096000835,22.948286284128656,-8.598830322093335,22.948286284128656,-12.531907400651182
23.64061577897761,-1.638703344453596,23.64061577897761,-1.715919324919357,23.87428275242291,-1.9418925155053048,23.64061577897761,-4.7968723882906525,23.64061577897761,-8.81495517725999,23.64061577897761,-12.859629180360052
24.35383224218244,-1.5349017696571332,24.35383224218244,-1.7105088280530385,24.592776627785184,-1.972855541407241,24.35383224218244,-4.95021330129627,24.35383224218244,-9.03533685584034,24.35383224218244,-13.183182133931217
25.088565815099713,-1.4369369021194436,25.088565815099713,-1.709516943850735,25.332893496151538,-2.0111265620859804,25.088565815099713,-5.107051255727468,25.088565815099713,-9.259814437942333,25.088565815099713,-13.502603791631387
25.84546564989331,-1.3447524899023795,25.84546564989331,-1.7129130647176316,26.095284099083578,-2.056581687606218,25.84546564989331,-5.267313808286518,25.84546564989331,-9.488227003673925,25.84546564989331,-13.817931683727284
26.625200483073513,-1.258292281067803,26.625200483073513,-1.7206665830589136,26.880618762137573,-2.109097028032648,26.625200483073513,-5.430928515675682,26.625200483073513,-9.720413633143067,26.625200483073513,-14.129203340485619
27.428459226339566,-1.1775000236775675,27.428459226339566,-1.7327468912797652,27.689587984242642,-2.1685486934299676,27.428459226339566,-5.597822934597237,27.428459226339566,-9.956213406457708,27.428459226339566,-14.436456292173123
28.25595157524713,-1.1023194657935325,28.25595157524713,-1.7491233817853709,28.5229030448161,-2.234812793862871,28.25595157524713,-5.767924621753443,28.25595157524713,-10.195465403725793,28.25595157524713,-14.739728069056497
29.108408636238973,-1.032694355477554,29.108408636238973,-1.7697654469809156,29.38129662914996,-2.3077654393960554,29.108408636238973,-5.941161133846575,29.108408636238973,-10.438008705055282,29.108408636238973,-15.039056201402467
29.986583572592377,-0.9685684407914911,29.986583572592377,-1.7946424792715845,30.26552347261834,-2.3872827400942147,29.986583572592377,-6.117460027578895,29.986583572592377,-10.68368239055412,29.986583572592377,-15.334478219477742
30.89125226985443,-0.9098854697971991,30.89125226985443,-1.8237238710625625,31.176361024272214,-2.4732408060220434,30.89125226985443,-6.296748859652677,30.89125226985443,-10.93232554033026,30.89125226985443,-15.626031653549054
31.823214021352687,-0.8565891905565366,31.823214021352687,-1.8569790147590333,32.11461013040502,-2.5655157472442403,31.823214021352687,-6.478955186770182,31.823214021352687,-11.18377723449165,31.823214021352687,-15.9137540338831
32.78329223438733,-0.8086233511313596,32.78329223438733,-1.8943773027661837,33.08109573869001,-2.6639836738254994,32.78329223438733,-6.664006565633684,32.78329223438733,-11.437876553146252,32.78329223438733,-16.197682890746616
33.77233515772825,-0.7659316995835266,33.77233515772825,-1.9358881274891955,34.076667623508605,-2.7685206958305155,33.77233515772825,-6.851830552945448,33.77233515772825,-11.694462576402,33.77233515772825,-16.477855754406306
34.791216631060365,-0.7284579839748946,34.791216631060365,-1.9814808813332565,35.10220113310743,-2.8790029233239847,34.791216631060365,-7.042354705407747,34.791216631060365,-11.953374384366859,34.791216631060365,-16.754310155128895
35.8408368570387,-0.6961459523673209,35.8408368570387,-2.031124956703549,36.15859795924087,-2.9953064663706006,35.8408368570387,-7.235506579722842,35.8408368570387,-12.214451057148766,35.8408368570387,-17.027083623181095
36.92212319663606,-0.6689393528226621,36.92212319663606,-2.0847897460052605,37.24678692997612,-3.1173074350350616,36.92212319663606,-7.4312137325930046,36.92212319663606,-12.477531674855689,36.92212319663606,-17.296213688829635
38.0360309884853,-0.6467819334027765,38.0360309884853,-2.1424446416435723,38.36772482635734,-3.2448819393820627,38.0360309884853,-7.629403720720504,38.0360309884853,-12.742455317595565,38.0360309884853,-17.56173788234121
39.1835443929407,-0.6296174421695201,39.1835443929407,-2.2040590360236725,39.52239722364748,-3.377906089476299,39.1835443929407,-7.8300041008076064,39.1835443929407,-13.009061065476352,39.1835443929407,-17.823693733982555
40.365677261603686,-0.6173896271847527,40.365677261603686,-2.2696023215507437,40.71181935788705,-3.5162559953824664,40.365677261603686,-8.03294242955658,40.365677261603686,-13.277187998605992,40.365677261603686,-18.08211877402038
41.583474033081586,-0.6100422365103281,41.583474033081586,-2.3390438906299718,41.937037018531875,-3.6598077671652556,41.583474033081586,-8.238146263669698,41.583474033081586,-13.546675197092451,41.583474033081586,-18.3370505327214
42.838010655770454,-0.6075190182081065,42.838010655770454,-2.4123531356665406,43.19912746795483,-3.8084375148893703,42.838010655770454,-8.445543159849217,42.838010655770454,-13.817361741043666,42.838010655770454,-18.58852654035234
44.13039553847763,-0.6097637203399435,44.13039553847763,-2.489499449065637,44.49920038861963,-3.9620213486195004,44.13039553847763,-8.65506067479742,44.13039553847763,-14.089086710567596,44.13039553847763,-18.836584327179914
45.46177052972347,-0.616720090967697,45.46177052972347,-2.570452223232442,45.83839885875991,-4.120435378420341,45.46177052972347,-8.866626365216563,45.46177052972347,-14.361689185772182,45.46177052972347,-19.081261423470835
46.8333119265881,-0.6283318781532248,46.8333119265881,-2.6551808505721444,47.21790035742128,-4.283555714356595,46.8333119265881,-9.080167787808918,46.8333119265881,-14.635008246765388,46.8333119265881,-19.322595359491828
48.24623151399377,-0.6445428299583827,48.24623151399377,-2.743654723489926,48.63891779974967,-4.451258466492947,48.24623151399377,-9.295612499276755,48.24623151399377,-14.908882973655155,48.24623151399377,-19.560623665509596
49.701777635341884,-0.6652966944450298,49.701777635341884,-2.835843234390974,50.10270060343714,-4.6234197448941,49.701777635341884,-9.512888056322343,49.701777635341884,-15.183152446549443,49.701777635341884,-19.79538387179087
51.20123629544975,-0.690537219675023,51.20123629544975,-2.9317157756804706,51.61053578726172,-4.799915659624749,51.20123629544975,-9.731922015647942,51.20123629544975,-15.457655745556194,51.20123629544975,-20.02691350860236
52.745932296762405,-0.7202081537102178,52.745932296762405,-3.0312417397636033,53.16374910268787,-4.980622320749584,52.745932296762405,-9.952641933955832,52.745932296762405,-15.732231950783365,52.745932296762405,-20.255250106210788
54.337230409842455,-0.754253244612473,54.337230409842455,-3.1343905190455543,54.76370619952262,-5.16541583833331,54.337230409842455,-10.17497536794827,54.337230409842455,-16.006720142338896,54.337230409842455,-20.48043119488287
55.976536579173086,-0.7926162404436461,55.976536579173086,-3.2411315059315084,56.411813826651326,-5.354172322440611,55.976536579173086,-10.39884987432753,55.976536579173086,-16.280959400330747,55.976536579173086,-20.702494304885313
57.66529916533869,-0.8352408892655939,57.66529916533869,-3.351434092826654,58.109521068910254,-5.546767883136191,57.66529916533869,-10.624193009795883,57.66529916533869,-16.554788804866874,57.66529916533869,-20.92147696648485
59.40501022468106,-0.8820709391401744,59.40501022468106,-3.465267672136174,59.85832062118204,-5.743078630484745,59.40501022468106,-10.850932331055592,59.40501022468106,-16.828047436055222,59.40501022468106,-21.13741670994819
61.19720682756182,-0.9330501381292431,61.19720682756182,-3.5826016362652515,61.65975010083522,-5.94298067455096,61.19720682756182,-11.078995394808924,61.19720682756182,-17.100574374003735,61.19720682756182,-21.350351065542043
63.0434724163956,-0.9881222342946578,63.0434724163956,-3.7034053776190703,63.515393399661576,-6.146350125399547,63.0434724163956,-11.30830975775815,63.0434724163956,-17.37220869882037,63.0434724163956,-21.560317563533147
64.94543820465381,-1.0472309756982798,64.94543820465381,-3.82764828860282,65.42688207649942,-6.3530630930951855,64.94543820465381,-11.538802976605538,64.94543820465381,-17.642789490613083,64.94543820465381,-21.767353734188198
66.90478461807511,-1.1103201104019607,66.90478461807511,-3.9552997616216836,67.39589679176845,-6.56299568770258,66.90478461807511,-11.770402608053361,66.90478461807511,-17.91215582948982,66.90478461807511,-21.971497107773917
68.92324277935603,-1.1773333864675595,68.92324277935603,-4.086329189080841,69.42416878517606,-6.7760240192864245,68.92324277935603,-12.003036208803875,68.92324277935603,-18.180146795558528,68.92324277935603,-22.172785214557027
71.00259603763334,-1.2482145519569348,71.00259603763334,-4.220705963385482,71.5134813978954,-6.9920241979114115,71.00259603763334,-12.236631335559357,71.00259603763334,-18.44660146892716,71.00259603763334,-22.371255584804253
73.1446815441096,-1.322907354931943,73.1446815441096,-4.358399476940792,73.66567164055336,-7.210872333642239,73.1446815441096,-12.47111554502208,73.1446815441096,-18.711358929703675,73.1446815441096,-22.56694574878229
75.35139187521374,-1.4013555434544434,75.35139187521374,-4.4993791221519555,75.88263180840654,-7.432444536543608,75.35139187521374,-12.7064163938943,75.35139187521374,-18.974258257996013,75.35139187521374,-22.759893236757872
77.62467670473116,-1.4835028655862894,77.62467670473116,-4.643614291424152,78.1663111451262,-7.656616916680205,77.62467670473116,-12.94246143887829,77.62467670473116,-19.23513853391213,77.62467670473116,-22.95013557899771
79.9665445263806,-1.5692930693893405,79.9665445263806,-4.79107437716257,80.51871755665434,-7.883265584116727,79.9665445263806,-13.179178236676316,79.9665445263806,-19.493838837559974,79.9665445263806,-23.13771030576852
82.37906442835936,-1.6586699029254546,82.37906442835936,-4.941728771772397,82.94191937663818,-8.11226664891787,82.37906442835936,-13.416494343990653,82.37906442835936,-19.750198249047497,82.37906442835936,-23.322654947337025
84.86436792142506,-1.7515771142564884,84.86436792142506,-5.095546867658815,85.43804718499541,-8.343496221148335,84.86436792142506,-13.654337317523565,84.86436792142506,-20.004055848482654,84.86436792142506,-23.505007033969942
87.42465082212912,-1.847958451444297,87.42465082212912,-5.252498057227007,88.00929568120844,-8.576830410872812,87.42465082212912,-13.892634713977317,87.42465082212912,-20.25525071597339,87.42465082212912,-23.684804095933973
90.06217519286578,-1.9477576625507396,90.06217519286578,-5.412551732882159,90.65792561399579,-8.812145328156,90.06217519286578,-14.131314090054179,90.06217519286578,-20.503621931627656,90.06217519286578,-23.86208366349585
92.77927134045045,-2.0509184956376765,92.77927134045045,-5.575677287029459,93.38626576905632,-9.049317083062592,92.77927134045045,-14.370303002456426,92.77927134045045,-20.749008575553418,92.77927134045045,-24.036883266922302
95.57833987499346,-2.157384698766963,95.57833987499346,-5.741844112074091,96.19671501663466,-9.28822178565728,95.57833987499346,-14.60952900788632,95.57833987499346,-20.991249727858598,95.57833987499346,-24.209240436480012
98.46185383088833,-2.267100020000451,98.46185383088833,-5.911021600421234,99.09174442070785,-9.528735546004766,98.46185383088833,-14.848919663046122,98.46185383088833,-21.23018446865117,98.46185383088833,-24.37919270243572
101.43236085178847,-2.380008207400004,101.43236085178847,-6.083179144476077,102.07389941164752,-9.770734474169743,101.43236085178847,-15.08840252463811,101.43236085178847,-21.465651878039075,101.43236085178847,-24.54677759505614
104.49248544150245,-2.496053009027481,104.49248544150245,-6.258283773475684,105.14580202426818,-10.014094680216903,104.49248544150245,-15.32790514936456,104.49248544150245,-21.697491036130273,104.49248544150245,-24.712032644607994
107.64493128279653,-2.6151781729447316,107.64493128279653,-6.436274679107057,108.31015320322979,-10.25869227421095,107.64493128279653,-15.56735509392772,107.64493128279653,-21.925541023032704,107.64493128279653,-24.874995381357987
110.89248362615439,-2.737327447213618,110.89248362615439,-6.61707291815003,111.56973517782005,-10.504403366216572,110.89248362615439,-15.806679915029864,110.89248362615439,-22.149640918854324,110.89248362615439,-25.03570687985692
114.23801175060261,-2.862444579895997,114.23801175060261,-6.800599237166417,114.92741390820696,-10.751104066298463,114.23801175060261,-16.04580716937327,114.23801175060261,-22.369629803703084,114.23801175060261,-25.194294316170748
117.68447149877751,-2.9904733190537254,117.68447149877751,-6.986774382718023,118.38614160530994,-10.99867048452133,117.68447149877751,-16.2846644136602,117.68447149877751,-22.585346757686924,117.68447149877751,-25.350973593671174
121.2349078884729,-3.1213574127486643,121.2349078884729,-7.175519101366666,121.94895932650628,-11.246978730949856,121.2349078884729,-16.523179204592925,121.2349078884729,-22.796630860913822,121.2349078884729,-25.505964685320627
124.89245780297509,-3.2550406090426645,124.89245780297509,-7.366754139674141,125.6189996494562,-11.495904915648747,124.89245780297509,-16.761279098873704,124.89245780297509,-23.0033211934917,124.89245780297509,-25.659487564081545
128.66035276256426,-3.3914666559975837,128.66035276256426,-7.560400244202261,129.39948942639447,-11.745325148682685,128.66035276256426,-16.998891653204815,128.66035276256426,-23.20525683552852,128.66035276256426,-25.811762202916356
132.54192177962867,-3.5305793016752887,132.54192177962867,-7.756378161512842,133.29375262131424,-11.99511554011637,132.54192177962867,-17.235944424288526,132.54192177962867,-23.402276867132244,132.54192177962867,-25.96300857478751
136.5405942999146,-3.6723222941376257,136.5405942999146,-7.954608638167684,137.30521323253407,-12.245152200014516,136.5405942999146,-17.472364968827097,136.5405942999146,-23.594220368410802,136.5405942999146,-26.113446652657426
140.65990323251302,-3.816639381446455,140.65990323251302,-8.155012420728596,141.43739830321954,-12.49531123844179,140.65990323251302,-17.7080808435228,140.65990323251302,-23.78092641947216,140.65990323251302,-26.263296409488557
144.90348807125628,-3.963474311663635,144.90348807125628,-8.35751025575739,145.69394102250715,-12.745468765462912,144.90348807125628,-17.943019605077904,144.90348807125628,-23.96223410042426,144.90348807125628,-26.412777818243335
149.27509811028597,-4.112770832851023,149.27509811028597,-8.562022889815871,150.07858391995455,-12.995500891142559,149.27509811028597,-18.177108810194675,149.27509811028597,-24.137982491375055,149.27509811028597,-26.56211085188419
153.77859575663106,-4.2644726930704815,153.77859575663106,-8.76847106946586,154.59518215612923,-13.24528372554543,153.77859575663106,-18.41027601557539,153.77859575663106,-24.30801067243251,153.77859575663106,-26.711515483373564
158.41795994272294,-4.4185236403838575,158.41795994272294,-8.97677554126915,159.24770691222574,-13.49469378627939,158.41795994272294,-18.642448777922308,158.41795994272294,-24.472170444801012,158.41795994272294,-26.861211685673894
163.19728964186487,-4.574867422853014,163.19728964186487,-9.186857051787555,164.04024888169334,-13.743630480364391,163.19728964186487,-18.8735546539377,163.19728964186487,-24.63057048399845,163.19728964186487,-27.011419431747605
168.12080748975828,-4.733447788539812,168.12080748975828,-9.39863634758289,168.97702186694403,-13.992027822633377,168.12080748975828,-19.10352120032384,168.12080748975828,-24.783557939759465,168.12080748975828,-27.162358694557156
173.19286351528726,-4.894208485506094,173.19286351528726,-9.612034175216948,174.0623664843036,-14.239822705437458,173.19286351528726,-19.33227597378297,173.19286351528726,-24.93148899652171,173.19286351528726,-27.314249447064945
178.4179389838601,-5.057093261813738,178.4179389838601,-9.82697128125156,179.30075398046162,-14.486952021127733,178.4179389838601,-19.559746531017396,178.4179389838601,-25.074719838722885,178.4179389838601,-27.467311662233456
183.80065035669665,-5.222045865524587,183.80065035669665,-10.043368412248512,184.6967901637781,-14.733352662055305,183.80065035669665,-19.785860428729357,183.80065035669665,-25.213606650800656,183.80065035669665,-27.621765313025094
189.3457533695682,-5.3890100447005,189.3457533695682,-10.261146314769626,190.255219453901,-14.978961520571264,189.3457533695682,-20.010545223621136,189.3457533695682,-25.348505617192703,189.3457533695682,-27.7778303724023
195.05814723458707,-5.557929547403344,195.05814723458707,-10.480225735376717,195.98092905325902,-15.223715489026716,195.05814723458707,-20.233728472395004,195.05814723458707,-25.47977292233669,195.05814723458707,-27.93572681332751
200.94287896875989,-5.728748121694965,200.94287896875989,-10.700527420631577,201.8789532440918,-15.467551459772757,200.94287896875989,-20.455337731753215,200.94287896875989,-25.607764750670306,200.94287896875989,-28.09567460876316
207.005147853132,-5.90140951563722,207.005147853132,-10.92197211709602,207.95447781480186,-15.710406325160486,207.005147853132,-20.67530055839804,207.005147853132,-25.73283728663121,207.005147853132,-28.2578937316717
213.25031002645804,-6.075857477291981,213.25031002645804,-11.144480571331865,214.21284461951495,-15.952216977541015,213.25031002645804,-20.89354450903177,213.25031002645804,-25.855346714657095,213.25031002645804,-28.422604155015556
219.68388321745945,-6.25203575472108,219.68388321745945,-11.3679735299009,220.65955627486005,-16.192920309265425,219.68388321745945,-21.109997140356626,219.68388321745945,-25.97564921918562,219.68388321745945,-28.59002585175715
226.31155161985325,-6.4298880959864,226.31155161985325,-11.592371739364957,227.30028099810048,-16.43245321268483,226.31155161985325,-21.324586009074928,226.31155161985325,-26.094100984654478,226.31155161985325,-28.760378794858944
233.1391709144504,-6.609358249149784,233.1391709144504,-11.817595946285829,234.1408575908646,-16.670752580150317,233.1391709144504,-21.537238671888915,233.1391709144504,-26.21105819550133,233.1391709144504,-28.933882957283366
240.17277344277247,-6.790389962273091,240.17277344277247,-12.043566897225329,241.187300572865,-16.907755304012998,240.17277344277247,-21.74788268550085,240.17277344277247,-26.32687703616386,240.17277344277247,-29.110754481195723
247.41857353674786,-6.972926983418186,247.41857353674786,-12.270205338745274,248.44580547011392,-17.14339827662397,247.41857353674786,-21.95644560661303,247.41857353674786,-26.441913691079737,247.41857353674786,-29.291055112119405
254.88297300920067,-7.156913060646915,254.88297300920067,-12.497432017407457,255.92275426228676,-17.377618390334323,254.88297300920067,-22.1628549919277,254.88297300920067,-26.55652434468664,254.88297300920067,-29.474642803099947
262.572566809985,-7.342291942021139,262.572566809985,-12.725167679773698,263.6247209940261,-17.610352537495174,262.572566809985,-22.367038398147123,262.572566809985,-26.67106518142224,262.572566809985,-29.66136155798999
270.4941488527575,-7.529007375602726,270.4941488527575,-12.953333072405806,271.5584775551136,-17.8415376104576,270.4941488527575,-22.56892338197359,270.4941488527575,-26.78589238572422,270.4941488527575,-29.851055380642173
278.65471801753824,-7.717003109453509,278.65471801753824,-13.181848941865573,279.73099963459885,-18.07111050157272,278.65471801753824,-22.768438046877844,278.65471801753824,-26.90136214203025,278.65471801753824,-30.043568274909106
287.06148433436755,-7.906222891635373,287.06148433436755,-13.410636034714834,288.149472854115,-18.29900810319163,287.06148433436755,-22.965546686638618,287.06148433436755,-27.017830634778008,287.06148433436755,-30.238744244643446
295.7218753535111,-8.096610470210159,295.7218753535111,-13.639615097515378,296.8212990857757,-18.525167307665413,295.7218753535111,-23.1602717276323,295.7218753535111,-27.135654048405172,295.7218753535111,-30.436427293697804
304.6435427078565,-8.288109593239726,304.6435427078565,-13.86870687682902,305.754102960211,-18.749525007345202,304.6435427078565,-23.352640842863508,304.6435427078565,-27.25518856734941,304.6435427078565,-30.636461425924825
313.8343688732859,-8.48066400878594,313.8343688732859,-14.097832119217578,314.95573857045775,-18.972018094582054,313.8343688732859,-23.542681705336857,313.8343688732859,-27.376790376048397,313.8343688732859,-30.83869064517712
323.3024741330043,-8.674217464910642,323.3024741330043,-14.326911571242837,324.4342963776072,-19.192583461727097,323.3024741330043,-23.730421988056914,323.3024741330043,-27.500815658939818,323.3024741330043,-31.042958955307352
333.05622375197805,-8.868713709675703,333.05622375197805,-14.555865979466631,334.1981103242741,-19.411158001131433,333.05622375197805,-23.915889364028313,333.05622375197805,-27.62762060046134,333.05622375197805,-31.249110360168114
343.1042353678167,-9.064096491142983,343.1042353678167,-14.784616090450754,344.2557651621466,-19.627678605146155,343.1042353678167,-24.099111506255646,343.1042353678167,-27.75756138505065,343.1042353678167,-31.456988863612064
353.45538660463114,-9.260309557374317,353.45538660463114,-15.013082650757012,354.61610400005605,-19.842082166122356,353.45538660463114,-24.28011608774352,353.45538660463114,-27.890994197145403,353.45538660463114,-31.666438469491816
364.1188229166001,-9.457296656431591,364.1188229166001,-15.241186406947227,365.2882360792077,-20.054305576411142,364.1188229166001,-24.45893078149653,364.1188229166001,-28.028275221183296,364.1188229166001,-31.877303181660015
375.1039656681612,-9.655001536376645,375.1039656681612,-15.468848105583197,376.2815447824046,-20.264285728363607,375.1039656681612,-24.635583260519287,375.1039656681612,-28.16969608587855,375.1039656681612,-32.089427003969284
386.4205204579839,-9.853367945271335,386.4205204579839,-15.695988493226732,387.6056958843082,-20.471959514330855,386.4205204579839,-24.810101197816397,386.4205204579839,-28.31519600653791,386.4205204579839,-32.30265394027225
398.0784856940627,-10.052339631177533,398.0784856940627,-15.922528316439658,399.2706460499901,-20.677263826663996,398.0784856940627,-24.98251226639246,398.0784856940627,-28.464594539366157,398.0784856940627,-32.51682799442156
410.0881614275146,-10.25186034215708,410.0881614275146,-16.148388321783756,411.2866515892454,-20.880135557714116,410.0881614275146,-25.15284413925208,410.0881614275146,-28.617711142732592,410.0881614275146,-32.731793170269825
422.46015845288764,-10.451873826271846,422.46015845288764,-16.373489255820846,423.664277474368,-21.080511599832313,422.46015845288764,-25.321124489399853,422.46015845288764,-28.774365275006495,422.46015845288764,-32.9473934716697
435.2054076830139,-10.652323831583681,435.2054076830139,-16.59775186511275,436.41440662931484,-21.27832884536969,435.2054076830139,-25.4873809898404,435.2054076830139,-28.934376394557205,435.2054076830139,-33.163472902473785
448.33516980669333,-10.853154106154433,448.33516980669333,-16.821096896221242,449.5482494984246,-21.47352418667735,448.33516980669333,-25.651641313578292,448.33516980669333,-29.09756395975399,448.33516980669333,-33.37987546653471
461.86104523774776,-11.054308398045983,461.86104523774776,-17.043445095708172,463.07735390310773,-21.6660345161064,461.86104523774776,-25.81393313361817,461.86104523774776,-29.263747428966195,461.86104523774776,-33.596445167705156
475.794984364218,-11.25573045532017,475.794984364218,-17.264717210135327,477.01361519517064,-21.855796726007924,475.794984364218,-25.97428412296461,475.794984364218,-29.432746260563082,475.794984364218,-33.81302600983771
490.1492981067814,-11.457364026038857,490.1492981067814,-17.484833986064515,491.369286715705,-22.042747708733025,490.1492981067814,-26.13272195462224,490.1492981067814,-29.604379912913974,490.1492981067814,-34.029461996785
504.9366687957006,-11.659152858263903,504.9366687957006,-17.703716170057557,506.1569905687361,-22.226824356632797,504.9366687957006,-26.289274301595647,504.9366687957006,-29.778467844388175,504.9366687957006,-34.24559713239969
520.1701613759207,-11.86104070005716,520.1701613759207,-17.921284508676244,521.389728719101,-22.407963562058363,520.1701613759207,-26.44396883688943,520.1701613759207,-29.95482951335498,520.1701613759207,-34.46127542053437
535.863234950219,-12.06297129948049,535.863234950219,-18.137459748482392,537.0808944243182,-22.58610221736081,535.863234950219,-26.596833233508203,535.863234950219,-30.1332843781837,535.863234950219,-34.6763408650417
552.029754670596,-12.264888404595755,552.029754670596,-18.352162636037825,553.2442840104958,-22.761177214891234,552.029754670596,-26.747895164456576,552.029754670596,-30.313651897243634,552.029754670596,-34.890637469774305
568.6840039884198,-12.466735763464786,568.6840039884198,-18.565313917904323,569.8941090026364,-22.9331254799502,568.6840039884198,-26.897182302739125,568.6840039884198,-30.49575152890408,568.6840039884198,-35.1040092385848
585.8406972741532,-12.668457124149482,585.8406972741532,-18.77683434064372,587.0450086200027,-23.101918204041386,585.8406972741532,-27.04472232136049,585.8406972741532,-30.679402731534353,585.8406972741532,-35.31630017532585
603.5149928177942,-12.869996234711667,603.5149928177942,-18.986644650817805,604.7120626475275,-23.267625651085222,603.5149928177942,-27.190542893325237,603.5149928177942,-30.86442496350375,603.5149928177942,-35.52735428385005
621.7225062215421,-13.071296843213215,621.7225062215421,-19.1946655949884,622.9108046945886,-23.430335885526503,621.7225062215421,-27.334671691637997,621.7225062215421,-31.050637683181574,621.7225062215421,-35.737015568010044
640.4793241964991,-13.272302697715977,640.4793241964991,-19.400817919717316,641.6572358528036,-23.590136971810008,640.4793241964991,-27.477136389303364,640.4793241964991,-31.237860348937136,640.4793241964991,-35.94512803165848
659.8020187756075,-13.472957546281812,659.8020187756075,-19.60502237156635,660.9678387648568,-23.747116974380518,659.8020187756075,-27.617964659325935,659.8020187756075,-31.425912419139713,659.8020187756075,-36.15153567864796
679.7076619553847,-13.673205136972573,679.7076619553847,-19.807207803616425,680.8595921167259,-23.90136395768283,679.7076619553847,-27.75718417471033,679.7076619553847,-31.614613352158642,679.7076619553847,-36.35608251283114
700.2138407793788,-13.872989217850133,700.2138407793788,-20.00733923559894,701.3499855660483,-24.05296598616173,700.2138407793788,-27.89482260846114,700.2138407793788,-31.803782606363214,700.2138407793788,-36.55861253806063
721.3386728766799,-14.072253536976316,721.3386728766799,-20.205391769468754,722.4570351197566,-24.202011124262018,721.3386728766799,-28.030907633582967,721.3386728766799,-31.993239640122713,721.3386728766799,-36.75896975818905
743.1008224692245,-14.27094184241302,743.1008224692245,-20.40134050761635,744.1992989745007,-24.348587436428463,743.1008224692245,-28.165466923080427,743.1008224692245,-32.18280391180648,743.1008224692245,-36.95699817706908
765.519516862007,-14.468997882222071,765.519516862007,-20.595160552432212,766.5958938337872,-24.49278298710587,765.519516862007,-28.298528149958102,765.519516862007,-32.37229487978379,765.519516862007,-37.152541798553315
788.6145634308062,-14.666365404465346,788.6145634308062,-20.786827006306815,789.6665117161834,-24.634685840739014,788.6145634308062,-28.430118987220613,788.6145634308062,-32.561532002423945,788.6145634308062,-37.34544462649438
812.4063671224051,-14.862988157204697,812.4063671224051,-20.97631497163064,813.4314372693576,-24.774384061772693,812.4063671224051,-28.560267107872562,812.4063671224051,-32.75033473809626,812.4063671224051,-37.535550664744925
836.9159484827749,-15.058809888501965,836.9159484827749,-21.163599550794153,837.9115656051864,-24.911965714651686,836.9159484827749,-28.689000184918545,836.9159484827749,-32.938522545170024,836.9159484827749,-37.722703917157574
862.1649622291682,-15.253774346419036,862.1649622291682,-21.348655846187867,863.1284206716052,-25.047518863820805,862.1649622291682,-28.816345891363166,862.1649622291682,-33.125914882014555,862.1649622291682,-37.906748387584955
888.1757163824932,-15.447825279017739,888.1757163824932,-21.531458960202226,889.1041741773608,-25.18113157372481,888.1757163824932,-28.942331900211034,888.1757163824932,-33.31233120699917,888.1757163824932,-38.087528079879704
914.9711919769162,-15.640906434359948,914.9711919769162,-21.71198399522773,915.8616650863024,-25.312891908808496,914.9711919769162,-29.06698588446676,914.9711919769162,-33.49759097849312,914.9711919769162,-38.26488699789444
942.5750633640732,-15.832961560507528,942.5750633640732,-21.890206053654857,943.4244196983467,-25.44288793351665,942.5750633640732,-29.190335517134926,942.5750633640732,-33.681513654865775,942.5750633640732,-38.438669145481825
971.0117191298416,-16.023934405522315,971.0117191298416,-22.066100237874075,971.816672334782,-25.57120771229408,971.0117191298416,-29.312408471220156,971.0117191298416,-33.863918694486394,971.0117191298416,-38.60871852649446
1000.306283642161,-16.213768717466174,1000.306283642161,-22.239641650275875,1001.06338664609,-25.69793930958556,1000.306283642161,-29.433232419727037,1000.306283642161,-34.04462555572428,1000.306283642161,-38.774879144784975
1030.484639248924,-16.40240824440098,1030.484639248924,-22.410805393250733,1031.1902775610274,-25.82317078983587,1030.484639248924,-29.552835035660184,1030.484639248924,-34.22345369694876,1030.484639248924,-38.93699500420601
1061.5734491455573,-16.589796734388557,1061.5734491455573,-22.579566569189122,1062.2238338962652,-25.94699021748981,1061.5734491455573,-29.671243992024188,1061.5734491455573,-34.40022257652911,1061.5734491455573,-39.09491010861019
1093.6001809325116,-16.775877935490794,1093.6001809325116,-22.745900280481536,1094.1913416464542,-26.06948565699216,1093.6001809325116,-29.78848696182367,1093.6001809325116,-34.57475165283466,1093.6001809325116,-39.248468461850166
1126.5931308834356,-16.960595595769526,1126.5931308834356,-22.909781629518438,1127.1209079752118,-26.19074517278772,1126.5931308834356,-29.904591618063225,1126.5931308834356,-34.746860384234694,1126.5931308834356,-39.397514067778545
1160.5814489455245,-17.143893463286616,1160.5814489455245,-23.071185718690323,1161.041485928105,-26.31085682932128,1160.5814489455245,-30.01958563374745,1160.5814489455245,-34.916368229098524,1160.5814489455245,-39.541890930247966
1195.5951644940908,-17.32571528610394,1195.5951644940908,-23.230087650387663,1195.9828998893759,-26.42990869103761,1195.5951644940908,-30.133496681880963,1195.5951644940908,-35.08309464579545,1195.5951644940908,-39.681443053111074
1231.665212864131,-17.50600481228333,1231.665212864131,-23.38646252700093,1231.9758718047858,-26.54798882238151,1231.665212864131,-30.24635243546835,1231.665212864131,-35.24685909269478,1231.665212864131,-39.81601444022047
1268.8234626823323,-17.68470578988665,1268.8234626823323,-23.54028545092062,1269.0520481936237,-26.665161057524728,1268.8234626823323,-30.358180567514225,1268.8234626823323,-35.407481028165805,1268.8234626823323,-39.9454490954288
1307.1027440236558,-17.86176196697577,1307.1027440236558,-23.691531524537204,1307.2440279736468,-26.78137707310172,1307.1027440236558,-30.468996392942344,1307.1027440236558,-35.56477991057785,1307.1027440236558,-40.06959102258871
1346.5368774173733,-18.03711709161252,1346.5368774173733,-23.84017585024115,1346.5853911234012,-26.896556116833594,1346.5368774173733,-30.578738632318323,1346.5368774173733,-35.71857519830019,1346.5368774173733,-40.188284225552806
1387.160703728214,-18.210714911858787,1387.160703728214,-23.986193530422955,1387.1107282071414,-27.01061743321106,1387.160703728214,-30.68731670004381,1387.160703728214,-35.868686349702145,1387.160703728214,-40.301372708173744
1429.0101149389625,-18.38249917577641,1429.0101149389625,-24.129559341047937,1428.855670788295,-27.123480266724883,1429.0101149389625,-30.794639951340038,1429.0101149389625,-36.01493282315301,1429.0101149389625,-40.408700474304126
1472.1220858617755,-18.552413631427257,1472.1220858617755,-24.270243054606095,1471.8569227582138,-27.235063861865775,1472.1220858617755,-30.900617741428277,1472.1220858617755,-36.1571340770221,1472.1220858617755,-40.510111527796596
1516.534706806181,-18.72040202687318,1516.534706806181,-24.408210530018977,1516.1522926077662,-27.345287463124492,1516.534706806181,-31.005159425529794,1516.534706806181,-36.29510956967872,1516.534706806181,-40.6054498725038
1562.2872172326431,-18.886408110176042,1562.2872172326431,-24.54342752189718,1561.7807266701304,-27.454070314991764,1562.2872172326431,-31.108174358865824,1562.2872172326431,-36.428678759492165,1562.2872172326431,-40.694559512278346
1609.4200404214369,-19.050375629397685,1609.4200404214369,-24.675859784851337,1608.7823433640363,-27.561331661958313,1609.4200404214369,-31.20957189665762,1609.4200404214369,-36.55766110483173,1609.4200404214369,-40.777284450972864
1657.9748191874396,-19.21224833259998,1657.9748191874396,-24.805473073492045,1657.1984684675517,-27.666990748514884,1657.9748191874396,-31.309261394126455,1657.9748191874396,-36.68187606406673,1657.9748191874396,-40.85346869244
1707.9944526724134,-19.37196996784479,1707.9944526724134,-24.932233142429933,1707.0716714534224,-27.770966819152214,1707.9944526724134,-31.40715220649357,1707.9944526724134,-36.80114309556646,1707.9944526724134,-40.922956240532386
1759.5231342472698,-19.529484283193952,1759.5231342472698,-25.056105746275605,1758.445802917926,-27.87317911836103,1759.5231342472698,-31.503153688980223,1759.5231342472698,-36.915281657700234,1759.5231342472698,-40.985591099102656
1812.6063905578278,-19.684735026709333,1812.6063905578278,-25.177056639639677,1811.3660331361457,-27.973546890632075,1812.6063905578278,-31.597175196807672,1812.6063905578278,-37.02411120883734,1812.6063905578278,-41.04121727200341
1867.2911217485316,-19.8376659464528,1867.2911217485316,-25.29505157713276,1865.878891777542,-28.07198938045609,1867.2911217485316,-31.68912608519717,1867.2911217485316,-37.1274512073471,1867.2911217485316,-41.08967876308731
1923.6256428996928,-19.9882207904862,1923.6256428996928,-25.41005631336547,1922.0323088167968,-28.168425832323788,1923.6256428996928,-31.778915709369972,1923.6256428996928,-37.2251211115988,1923.6256428996928,-41.13081957620698
1981.6597267148456,-20.136343306871385,1981.6597267148456,-25.522036602948425,1979.8756566758277,-28.262775490725925,1981.6597267148456,-31.866453424547327,1981.6597267148456,-37.31694037996176,1981.6597267148456,-41.16448371521505
2041.4446474959618,-20.281977243670223,2041.4446474959618,-25.63095820049223,2039.4597936340806,-28.35495760015322,2041.4446474959618,-31.951648585950494,2041.4446474959618,-37.40272847080526,2041.4446474959618,-41.19051518396412
2103.0332264453396,-20.42506634894457,2103.0332264453396,-25.73678686060751,2100.8371085452504,-28.44489140509643,2103.0332264453396,-32.034410548800736,2103.0332264453396,-37.48230484249863,2103.0332264453396,-41.20875798630688
2166.4798783342217,-20.56555437075628,2166.4798783342217,-25.839488337904868,2164.061566899725,-28.53249615004627,2166.4798783342217,-32.1146486683193,2166.4798783342217,-37.55548895341115,2166.4798783342217,-41.21905612609592
2231.840659579352,-20.70338505716721,2231.840659579352,-25.939028386994927,2229.188758273318,-28.61769107949348,2231.840659579352,-32.19227229972743,2231.840659579352,-37.62210026191214,2231.840659579352,-41.22125360718389
2299.1733177699816,-20.838502124068146,2299.1733177699816,-26.035372762488294,2296.275945203918,-28.700395437928805,2299.1733177699816,-32.26719079824639,2299.1733177699816,-37.68195822637089,2299.1733177699816,-41.2151944334234
2368.5373426890355,-20.970846463603774,2368.5373426890355,-26.128487218995577,2365.3821135391013,-28.78052846984296,2368.5373426890355,-32.33931351909745,2368.5373426890355,-37.7348823051567,2368.5373426890355,-41.2007226086671
2439.994018873564,-21.10035398124818,2439.994018873564,-26.218337511127405,2436.5680242989515,-28.858009419726695,2439.994018873564,-32.40854981750186,2439.994018873564,-37.78069195663891,2439.994018873564,-41.17770954744826
2513.606479760874,-21.226960073357777,2513.606479760874,-26.30488939349438,2509.8962670996552,-28.93275753207075,2513.606479760874,-32.474809048680854,2513.606479760874,-37.819206639186774,2513.606479760874,-41.14620785196353
2589.439763468228,-21.350600136289025,2589.439763468228,-26.388108620707126,2585.4313151849296,-29.004692051365854,2589.439763468228,-32.53800056785569,2589.439763468228,-37.85024581116962,2589.439763468228,-41.10634365710776
2667.5608702553454,-21.47120956639839,2667.5608702553454,-26.467960947376252,2663.2395821135624,-29.073732222102734,2667.5608702553454,-32.59803373024764,2667.5608702553454,-37.87362893095675,2667.5608702553454,-41.058243308579776
2748.038821720509,-21.588723760042313,2748.038821720509,-26.544412128112363,2743.389480152981,-29.139797288772133,2748.038821720509,-32.654817891077954,2748.038821720509,-37.88917554291975,2748.038821720509,-41.00203315207844
2830.9447217825505,-21.703078113577238,2830.9447217825505,-26.617427917526086,2825.9514804301734,-29.20280649586479,2830.9447217825505,-32.708262405567886,2830.9447217825505,-37.8967694052195,2830.9447217825505,-40.93783953330257
2916.3518195026345,-21.81420802335962,2916.3518195026345,-26.686974070228025,2910.9981748928144,-29.262679087871426,2916.3518195026345,-32.758276628938695,2916.3518195026345,-37.8964723855115,2916.3518195026345,-40.86578879795105
3004.3355738012947,-21.9220488857459,3004.3355738012947,-26.75301580628746,2998.6043401351585,-29.31933430928279,3004.3355738012947,-32.804769916411615,3004.3355738012947,-37.888376979857654,3004.3355738012947,-40.78600729172269
3094.973720127943,-22.026536097092553,3094.973720127943,-26.815509909334136,3088.847003144717,-29.372691404589613,3094.973720127943,-32.847651623207916,3094.973720127943,-37.872575684319884,3094.973720127943,-40.69862136031635
3188.346339141717,-22.127605053756014,3188.346339141717,-26.874406436978795,3181.805509027593,-29.42266961828263,3188.346339141717,-32.88683110454887,3188.346339141717,-37.849160994960116,3188.346339141717,-40.603757349430886
3284.5359274644043,-22.22519115209273,3284.5359274644043,-26.929655259889582,3277.561590772012,-29.469188194852574,3284.5359274644043,-32.9222177156557,3284.5359274644043,-37.818225407840245,3284.5359274644043,-40.501541604765144
3383.627470567882,-22.319229788459154,3383.627470567882,-26.98120624873464,3376.19944111134,-29.51216637879018,3383.627470567882,-32.95372081174967,3383.627470567882,-37.779861419022176,3383.627470567882,-40.39210047201794
3485.708517860531,-22.409656359211734,3485.708517860531,-27.0290092741821,3477.805786549877,-29.551523414586185,3485.708517860531,-32.98124974805205,3485.708517860531,-37.73416152456783,3485.708517860531,-40.27556029688815
3590.869260038919,-22.496406260706923,3590.869260038919,-27.073014206900087,3582.4699636163873,-29.587178546731334,3590.869260038919,-33.00471387978407,3590.869260038919,-37.68121822053914,3590.869260038919,-40.15204742507461
3699.202608773146,-22.579414889301177,3699.202608773146,-27.113170917556744,3690.2839974124986,-29.619051019716338,3699.202608773146,-33.02402256216702,3699.202608773146,-37.621124002997995,3699.202608773146,-40.02168820227617
3810.804278796198,-22.658617641350936,3810.804278796198,-27.14942927682021,3801.3426825250117,-29.647060078031956,3810.804278796198,-33.03908515042212,3810.804278796198,-37.55397136800631,3810.804278796198,-39.884608974191664
3925.7728724698795,-22.733949913212662,3925.7728724698795,-27.18173915535861,3915.7436663732146,-29.671124966168918,3925.7728724698795,-33.04981099977064,3925.7728724698795,-37.479852811625996,3925.7728724698795,-39.74093608651995
4044.2099669020054,-22.8053471012428,4044.2099669020054,-27.210050423840087,4033.587535064609,-29.69116492861794,4044.2099669020054,-33.056109465433835,4044.2099669020054,-37.39886082991899,4044.2099669020054,-39.590795884959874
4166.220203691881,-22.87274460179779,4166.220203691881,-27.23431295293277,4154.977901834364,-29.707099209869778,4166.220203691881,-33.05788990263296,4166.220203691881,-37.311087918947166,4166.220203691881,-39.43431471521027
4291.911381383279,-22.9360778112341,4291.911381383279,-27.254476613304792,4280.021498146407,-29.718847054415164,4291.911381383279,-33.055061666589275,4291.911381383279,-37.21662657477246,4291.911381383279,-39.27161892297
4421.394550706678,-22.995282125908165,4421.394550706678,-27.270491275624302,4408.828267536165,-29.726327706744826,4421.394550706678,-33.04753411252401,4421.394550706678,-37.11556929345678,4421.394550706678,-39.10283485393789
4554.784112694833,-23.050292942176444,4554.784112694833,-27.282306810559426,4541.511462277473,-29.729460411349507,4554.784112694833,-33.03521659565846,4554.784112694833,-37.00800857106205,4554.784112694833,-38.928088853812795
4692.197919758456,-23.10104565639539,4692.197919758456,-27.289873088778293,4678.18774295873,-29.72816441271994,4692.197919758456,-33.01801847121384,4692.197919758456,-36.89403690365016,4692.197919758456,-38.74750726829357
4833.757379811229,-23.14747566492145,4833.757379811229,-27.293139980949036,4818.977281055724,-29.72235895534685,4833.757379811229,-32.99584909441144,4833.757379811229,-36.77374678728304,4833.757379811229,-38.561216443079054
4979.5875635361745,-23.189518364111066,4979.5875635361745,-27.2920573577398,4964.003864591393,-29.71196328372098,4979.5875635361745,-32.96861782047249,4979.5875635361745,-36.6472307180226,4979.5875635361745,-38.36934272386809
5129.817314888179,-23.227109150320704,5129.817314888179,-27.286575089818722,5113.395006975421,-29.69689664233307,5129.817314888179,-32.93623400461825,5129.817314888179,-36.51458119193073,5129.817314888179,-38.172012456359525
5284.579364930244,-23.260183419906795,5284.579364930244,-27.276643047853934,5267.2820591193,-29.677078275673853,5284.579364930244,-32.89860700206998,5284.579364930244,-36.37589070506938,5284.579364930244,-37.96935198625221
5444.010449104131,-23.288676569225807,5444.010449104131,-27.262211102513557,5425.800324925575,-29.65242742823406,5444.010449104131,-32.85564616804892,5444.010449104131,-36.231251753500445,5444.010449104131,-37.761487659244985
5608.251428038903,-23.31252399463418,5608.251428038903,-27.24322912446574,5589.08918025263,-29.62286334450443,5608.251428038903,-32.807260857776356,5608.251428038903,-36.08075683328583,5608.251428038903,-37.54854582103668
5777.4474120041905,-23.33166109248838,5777.4474120041905,-27.21964698437862,5757.292195459756,-29.58830526897569,5777.4474120041905,-32.75336042647351,5777.4474120041905,-35.92449844048747,5777.4474120041905,-37.33065281732617
5951.747889118059,-23.346023259144836,5951.747889118059,-27.191414552920328,5930.557261640196,-29.548672446138582,5951.747889118059,-32.69385422936166,5951.747889118059,-35.76256907116724,5951.747889118059,-37.107934993812286
6131.306857422864,-23.35554589096001,6131.306857422864,-27.158481700758994,6109.036720653105,-29.503884120483843,6131.306857422864,-32.62865162166205,6131.306857422864,-35.59506122138709,6131.306857422864,-36.88051869619389
6316.282960945649,-23.36016438429034,6316.282960945649,-27.120798298562754,6292.887499068928,-29.453859536502204,6316.282960945649,-32.55766195859593,6316.282960945649,-35.42206738720891,6316.282960945649,-36.64853027016979
6506.839629863412,-23.359814135492297,6506.839629863412,-27.078314216999743,6482.271246145723,-29.398517938684407,6506.839629863412,-32.480794595384566,6506.839629863412,-35.24368006469462,6506.839629863412,-36.41209606143887
6703.145224896978,-23.354430540922316,6703.145224896978,-27.03097932673811,6677.354475957934,-29.337778571521174,6703.145224896978,-32.3979588872492,6703.145224896978,-35.05999174990614,6703.145224896978,-36.171342415699954
6905.373186061195,-23.343948996936856,6905.373186061195,-26.978743498445976,6878.308713802489,-29.27156067950325,6905.373186061195,-32.30906418941112,6905.373186061195,-34.87109493890538,6905.373186061195,-35.92639567865191
7113.70218590271,-23.32830489989236,7113.70218590271,-26.92155660279147,7085.310647011007,-29.199783507121367,7113.70218590271,-32.21401985709153,7113.70218590271,-34.67708212775423,7113.70218590271,-35.677382195993545
7328.316287360836,-23.307433646145284,7328.316287360836,-26.859368510442735,7298.5422803005895,-29.122366298866268,7328.316287360836,-32.112735245511715,7328.316287360836,-34.47804581251463,7328.316287360836,-35.424428313423746
7549.405106390904,-23.28127063205207,7549.405106390904,-26.792129092067906,7518.191095800033,-29.03922829922867,7549.405106390904,-32.00511970989293,7549.405106390904,-34.27407848924848,7549.405106390904,-35.16766037664134
7777.163979493885,-23.24975125396918,7777.163979493885,-26.719788218335122,7744.4502178918665,-28.95028875269933,7777.163979493885,-31.891082605456422,7777.163979493885,-34.0652726540177,7777.163979493885,-34.907204731345175
8011.794136300165,-23.21281090825306,8011.794136300165,-26.642295759912514,7977.518583015361,-28.855466903768978,8011.794136300165,-31.770533287423447,8011.794136300165,-33.85172080288421,8011.794136300165,-34.64318772323409
8253.502877360055,-23.17038499126015,8253.502877360055,-26.559601587468208,8217.601114579744,-28.75468199692832,8253.502877360055,-31.643381111015263,8253.502877360055,-33.63351543190986,8253.502877360055,-34.37573569800692
8502.503757298053,-23.122408899346922,8502.503757298053,-26.471655571670357,8464.908903141326,-28.647853276668133,8502.503757298053,-31.509535431453127,8502.503757298053,-33.41074903715666,8502.503757298053,-34.10497500136256
8759.01677349276,-23.06881802886981,8759.01677349276,-26.378407583187084,8719.659392003208,-28.53489998747913,8759.01677349276,-31.368905603958293,8759.01677349276,-33.183514114686474,8759.01677349276,-33.83103197899981
9023.268560449063,-23.00954777618527,9023.268560449063,-26.279807492686523,8982.076568400415,-28.41574137385205,9023.268560449063,-31.221400983752012,9023.268560449063,-32.9519031605612,9023.268560449063,-33.55403297661753
9295.492590034355,-22.94453353764974,9295.492590034355,-26.175805170836814,9252.391160438814,-28.290299061758933,9295.492590034355,-31.066930926055527,9295.492590034355,-32.71600867084277,9295.492590034355,-33.27410433991456
9575.929377755692,-22.873710709619687,9575.929377755692,-26.06635048830609,9530.840839960892,-28.15860141700405,9575.929377755692,-30.90540478609012,9575.929377755692,-32.47592314159311,9575.929377755692,-32.991372414589755
9864.826695260228,-22.797014688451554,9864.826695260228,-25.951405820327714,9817.670431516663,-28.02082426188181,9864.826695260228,-30.736731919077027,9864.826695260228,-32.2317390688741,9864.826695260228,-32.70596354634195
10162.439789246499,-22.714380870501788,10162.439789246499,-25.83105399720555,10113.132127623701,-27.877154210991126,10162.439789246499,-30.560821680237503,10162.439789246499,-31.98354894874766,10162.439789246499,-32.41800408086999
10469.031606980085,-22.62574465212685,10469.031606980085,-25.705445166343953,10417.485710505245,-27.72777787893091,10469.031606980085,-30.377583424792817,10469.031606980085,-31.731445277275732,10469.031606980085,-32.12762036387276
10784.873028613009,-22.531041429683185,10784.873028613009,-25.57473021058383,10730.99878050155,-27.57288188030009,10784.873028613009,-30.186926507964213,10784.873028613009,-31.475520550520198,10784.873028613009,-31.83493874104904
11110.24310651177,-22.430206599527242,11110.24310651177,-25.43906001276611,11053.94699135527,-27.41265282969757,11110.24310651177,-29.9887602850163,11110.24310651177,-31.21586726454297,11110.24310651177,-31.540085558097715
11445.429311805887,-22.32317555801547,11445.429311805887,-25.298585455731704,11386.61429257762,-27.24727734172228,11445.429311805887,-29.7830669204733,11445.429311805887,-30.952577915406,11445.429311805887,-31.243187160717635
11790.7277883746,-22.20988370150432,11790.7277883746,-25.153457422321516,11729.293179108743,-27.076942030973143,11790.7277883746,-29.57011249677942,11790.7277883746,-30.68574499917114,11790.7277883746,-30.944369894607632
12146.443614495913,-22.09026642635024,12146.443614495913,-25.00382679537647,12082.284948491331,-26.901833512049063,12146.443614495913,-29.350232291835805,12146.443614495913,-30.415461011900327,12146.443614495913,-30.643760105466548
12512.891072389577,-21.964259128909692,12512.891072389577,-24.849844457737483,12445.899965784014,-26.72213839954897,12512.891072389577,-29.123761583543605,12512.891072389577,-30.141818449655517,12512.891072389577,-30.341484138993252
12890.393925891916,-21.831811751781412,12890.393925891916,-24.69166129224547,12820.45793644725,-26.538043308071757,12890.393925891916,-28.891035649803943,12890.393925891916,-29.86490980849858,12890.393925891916,-30.03766834088658
13279.285706507795,-21.693047879833703,13279.285706507795,-24.529428181741302,13206.288187441576,-26.34973485221638,13279.285706507795,-28.652389768517917,13279.285706507795,-29.584827584491403,13279.285706507795,-29.73243905684533
13679.910008092338,-21.548205320430764,13679.910008092338,-24.36329600906596,13603.729956785739,-26.15739964658174,13679.910008092338,-28.40815921758674,13679.910008092338,-29.301664273695962,13679.910008092338,-29.42594338865608
14092.620790423463,-21.39752388574607,14092.620790423463,-24.193415657060335,14013.132691828772,-25.961224305766752,14092.620790423463,-28.158679274911492,14092.620790423463,-29.015512372174143,14092.620790423463,-29.1184605278506
14517.782691932423,-21.24124338795313,14517.782691932423,-24.019938008565305,14434.856356498694,-25.76139544437034,14517.782691932423,-27.904285218393312,14517.782691932423,-28.726464375987817,14517.782691932423,-28.81032145004505
14955.77135186928,-21.07960363922546,14955.77135186928,-23.84301394642182,14869.27174779779,-25.558099676991407,14955.77135186928,-27.645312325933332,14955.77135186928,-28.43461278119895,14955.77135186928,-28.501857252425353
15406.97374218794,-20.91284445173657,15406.97374218794,-23.662794353470797,15316.760821822667,-25.351523618228892,15406.97374218794,-27.382095875432718,15406.97374218794,-28.1400558676923,15406.97374218794,-28.193399032177425
15871.788509443904,-20.741205637659945,15871.788509443904,-23.479430112553125,15777.71702959613,-25.14185388268171,15871.788509443904,-27.114971144792566,15871.788509443904,-27.843026085931076,15871.788509443904,-27.88527788648716
16350.626327006472,-20.564927009169097,16350.626327006472,-23.293072106509737,16252.545663005576,-24.929277084948776,16350.626327006472,-26.84427341191403,16350.626327006472,-27.543890694851466,16350.626327006472,-27.5778249125405
16843.91025789717,-20.38424837843754,16843.91025789717,-23.103871218181553,16741.664211152533,-24.713979839628994,16843.91025789717,-26.570337954698257,16843.91025789717,-27.24302286479227,16843.91025789717,-27.271371207523366
17352.076128574696,-20.19940955763877,17352.076128574696,-22.911978330409465,17245.50272742648,-24.496148761321294,17352.076128574696,-26.293500051046344,17352.076128574696,-26.940795766092226,17352.076128574696,-26.96624786862164
17875.57291399635,-20.01065035894629,17875.57291399635,-22.717544326034393,17764.50420762557,-24.275970464624606,17875.57291399635,-26.014094978859454,17875.57291399635,-26.63758256909013,17875.57291399635,-26.662785993021245
18414.863134296662,-19.818210594533618,18414.863134296662,-22.520720087897267,18299.12497945717,-24.05363156413783,18414.863134296662,-25.732458016038734,18414.863134296662,-26.333756444124795,18414.863134296662,-26.361316677908142
18970.423263433546,-19.622330076574244,18970.423263433546,-22.321656498838983,18849.835103760033,-23.82931867445989,18970.423263433546,-25.448924440485282,18970.423263433546,-26.029690561534938,18970.423263433546,-26.062171020468185
19542.744150162584,-19.423248617241672,19542.744150162584,-22.120504441700458,19417.118787801417,-23.603218410189726,19542.744150162584,-25.16382953010025,19542.744150162584,-25.725758091659372,19542.744150162584,-25.76568011788731
20132.331451712045,-19.221206028709425,20132.331451712045,-21.91741479932262,20001.474811012293,-23.375517385926205,20132.331451712045,-24.877508562784794,20132.331451712045,-25.422332204836906,20132.331451712045,-25.472175067351465
20739.706080541517,-19.016442123151,20739.706080541517,-21.71253845454638,20603.41696353482,-23.14640221626829,20739.706080541517,-24.590296816440034,20739.706080541517,-25.119786071406278,20739.706080541517,-25.18198696604654
21365.404664578673,-18.809196712739872,21365.404664578673,-21.506026290212613,21223.474497968284,-22.916059515814894,21365.404664578673,-24.302529568967053,21365.404664578673,-24.818492861706247,21365.404664578673,-24.895446911158402
22009.98002134076,-18.59970960964959,22009.98002134076,-21.298029189162296,21862.192594709843,-22.68467589916492,22009.98002134076,-24.01454209826707,22009.98002134076,-24.51882574607566,22009.98002134076,-24.612885999873065
22674.001646360703,-18.388220626053652,22674.001646360703,-21.0886980342363,22520.13284129987,-22.452437980917296,22674.001646360703,-23.726669682241187,22674.001646360703,-24.221157894853267,22674.001646360703,-24.334635329376383
23358.056216347777,-18.174969574125527,23358.056216347777,-20.87818370827555,23197.87372619316,-22.219532375670923,23358.056216347777,-23.439247598790512,23358.056216347777,-23.925862478377812,23358.056216347777,-24.061025996854273
24062.748107528452,-17.960196266038754,24062.748107528452,-20.666637094120954,23896.01114738984,-21.986145698024746,24062.748107528452,-23.1526111258162,24062.748107528452,-23.633312666988108,24062.748107528452,-23.79238909949265
24788.69992962525,-17.744140513966837,24788.69992962525,-20.454209074613452,24615.158936374013,-21.75246456257767,24788.69992962525,-22.86709554121941,24788.69992962525,-23.34388163102295,24788.69992962525,-23.529055734477456
25536.55307594537,-17.527042130083252,25536.55307594537,-20.24105053259392,25355.94939781975,-21.518675583928623,25536.55307594537,-22.583036122901223,25536.55307594537,-23.05794254082108,25536.55307594537,-23.271356998994577
26306.96829006447,-17.309140926561525,26306.96829006447,-20.027312350903287,26119.033865539728,-21.284965376676507,26306.96829006447,-22.30076814876281,26306.96829006447,-22.775868566721293,26306.96829006447,-23.019623990229938
27100.62624960734,-17.09067671557518,27100.62624960734,-19.81314541238249,26905.0832751651,-21.05152055542023,27100.62624960734,-22.020626896705323,27100.62624960734,-22.49803287906239,27100.62624960734,-22.77418780536948
27918.228167640675,-16.871889309297682,27918.228167640675,-19.59870059987241,27714.788754059784,-20.81852773475875,27918.228167640675,-21.742947644629854,27918.228167640675,-22.224808648183117,27918.228167640675,-22.53537954159907
28760.49641220886,-16.65301851990256,28760.49641220886,-19.384128796213975,28548.862228988783,-20.586173529290964,28760.49641220886,-21.46806567043755,28760.49641220886,-21.956569044422263,28760.49641220886,-22.30353029610465
29628.175144561104,-16.434304159563325,29628.175144561104,-19.169580884248106,29408.037052073585,-20.354644553615778,29628.175144561104,-21.196316252029575,29628.175144561104,-21.693687238118628,29628.175144561104,-22.078971166072154
30522.030976633312,-16.21598604045346,30522.030976633312,-18.9552077468157,30293.06864558594,-20.12412742233213,30522.030976633312,-20.92803466730702,30522.030976633312,-21.43653639961096,30522.030976633312,-21.86203324868746
31442.85364836511,-15.99830397474647,31442.85364836511,-18.741160266757674,31204.735166146635,-19.894808750038912,31442.85364836511,-20.66355619417105,31442.85364836511,-21.185489699238055,31442.85364836511,-21.653047641136506
32391.4567254514,-15.78149777461589,32391.4567254514,-18.527589326914967,32143.838188912938,-19.666875151335077,32391.4567254514,-20.403216110522795,32391.4567254514,-20.940920307338715,32391.4567254514,-21.452345440605217
33368.67831814447,-15.565807252235208,33368.67831814447,-18.31464581012847,33111.203412357216,-19.44051324081953,33368.67831814447,-20.147349694263394,33368.67831814447,-20.70320139425169,33368.67831814447,-21.26025774427949
34375.38182174146,-15.351472219777907,34375.38182174146,-18.10248059923909,34107.68138425517,-19.215909633091183,34375.38182174146,-19.896292223293955,34375.38182174146,-20.472706130315746,34375.38182174146,-21.077115649345238
35412.456679411625,-15.138732489417515,35412.456679411625,-17.891244577087754,35134.14824952289,-18.993250942748954,35412.456679411625,-19.650378975515626,35412.456679411625,-20.24980768586969,35412.456679411625,-20.90325025298838
36480.81916803777,-14.927827873327544,36480.81916803777,-17.68108862651539,36191.50652056004,-18.772723784391754,36480.81916803777,-19.40994522882956,36480.81916803777,-20.034879231252305,36480.81916803777,-20.73899265239484
37581.4132077658,-14.718998183681475,37581.4132077658,-17.47216363036288,37280.68587077598,-18.554514772618525,37581.4132077658,-19.175326261136867,37581.4132077658,-19.828293936802346,37581.4132077658,-20.58467394475052
38715.21119597715,-14.51248323265282,38715.21119597715,-17.264620471471154,38402.64395199786,-18.338810522028176,38715.21119597715,-18.94685735033869,38715.21119597715,-19.63042497285861,38715.21119597715,-20.440625227241345
39883.214866421964,-14.308522832415106,39883.214866421964,-17.058610032681138,39558.36723647759,-18.125797647219617,39883.214866421964,-18.72487377433618,39883.214866421964,-19.44164550975988,39883.214866421964,-20.30717759705324
41086.45617427162,-14.107356795141808,41086.45617427162,-16.85428319683372,40748.87188423945,-17.91566276279177,41086.45617427162,-18.50971081103045,41086.45617427162,-19.262328717844916,41086.45617427162,-20.184662151372095
42325.99820787181,-13.90922493300644,42325.99820787181,-16.65179084676983,41975.20463653034,-17.70859248334354,42325.99820787181,-18.30170373832263,42325.99820787181,-19.09284776745251,42325.99820787181,-20.073409987383847
43602.9361280031,-13.714367058182527,43602.9361280031,-16.451283865330392,43238.44373615791,-17.504773423473875,43602.9361280031,-18.10118783411389,43602.9361280031,-18.93357582892145,43602.9361280031,-19.973752202274408
44918.39813547818,-13.523022982843543,44918.39813547818,-16.252913135356298,44539.699875527054,-17.30439219778167,44918.39813547818,-17.908498376305324,44918.39813547818,-18.784886072590503,44918.39813547818,-19.886019893229687
46273.546467929875,-13.335432519163007,46273.546467929875,-16.05682953968847,45880.11717320657,-17.107635420865858,46273.546467929875,-17.723970642798086,46273.546467929875,-18.647151668798447,46273.546467929875,-19.8105441574356
47669.578426672146,-13.151835479314435,47669.578426672146,-15.863183961167836,47260.87417988593,-16.91468970732535,47669.578426672146,-17.54793991149332,47669.578426672146,-18.52074578788408,47669.578426672146,-19.747656092078067
49107.72743454054,-12.972471675471322,49107.72743454054,-15.672127282635296,48683.18491460614,-16.725741671759046,49107.72743454054,-17.380741460292146,49107.72743454054,-18.40604160018616,49107.72743454054,-19.697686794343007
50589.26412564645,-12.797580919807148,50589.26412564645,-15.483810386931742,50148.29993217555,-16.5409779287659,50589.26412564645,-17.22271056709568,50589.26412564645,-18.30341227604347,50589.26412564645,-19.66096736141632
52115.49746800768,-12.627403024495461,52115.49746800768,-15.298384156898136,51657.50742271016,-16.36058509294481,52115.49746800768,-17.0741825098051,52115.49746800768,-18.2132309857948,52115.49746800768,-19.637828890483934
53687.77592004968,-12.46217780170975,53687.77592004968,-15.115999475375368,53212.13434426369,-16.184749778894695,53687.77592004968,-16.935492566321525,53687.77592004968,-18.135870899778926,53687.77592004968,-19.628602478731768
55307.488621995544,-12.302145063623502,55307.488621995544,-14.93680722520434,54813.54758954442,-16.01365860121448,55307.488621995544,-16.80697601454607,55307.488621995544,-18.07170518833462,55307.488621995544,-19.633619223345722
56976.06662319969,-12.147544622410235,56976.06662319969,-14.76095828922598,56463.155187744145,-15.847498174503075,56976.06662319969,-16.688968132379884,56976.06662319969,-18.021107021800667,56976.06662319969,-19.653210221511728
58694.9841465095,-11.99861629024347,58694.9841465095,-14.588603550281208,58162.4075425362,-15.686455113359388,58694.9841465095,-16.58180419772411,58694.9841465095,-17.98444957051585,58694.9841465095,-19.687706570415685
60465.759890771784,-11.85559987929668,60465.759890771784,-14.419893891210918,59912.79870733026,-15.530716032382369,60465.759890771784,-16.485819488479862,60465.759890771784,-17.96210600481894,60465.759890771784,-19.737439367243525
62289.95837263359,-11.718735201743389,62289.95837263359,-14.254980194856035,61715.867698906986,-15.380467546170912,62289.95837263359,-16.401349282548296,62289.95837263359,-17.95444949504872,62289.95837263359,-19.802739709181157
64169.19130882511,-11.588262069757107,64169.19130882511,-14.094013344057487,63573.19985058523,-15.235896269323945,64169.19130882511,-16.328728857830537,64169.19130882511,-17.961853211543975,64169.19130882511,-19.883938693414485
66105.11904014472,-11.46442029551132,66105.11904014472,-13.937144221656165,65486.428206113145,-15.097188816440383,66105.11904014472,-16.26829349222771,66105.11904014472,-17.98469032464348,66105.11904014472,-19.981367417129448
68099.45199840349,-11.347449691179548,68099.45199840349,-13.78452371049299,67457.23495550841,-14.964531802119133,68099.45199840349,-16.22037846364097,68099.45199840349,-18.023334004686017,68099.45199840349,-20.095356977511948
70153.95221762688,-11.237590068935297,70153.95221762688,-13.63630269340889,69487.35291410916,-14.838111840959133,70153.95221762688,-16.18531904997144,70153.95221762688,-18.078157422010353,70153.95221762688,-20.226238471747887
72270.43489084857,-11.135081240952058,72270.43489084857,-13.492632053244758,71578.56704613818,-14.718115547559293,72270.43489084857,-16.163450529120247,72270.43489084857,-18.14953374695529,72270.43489084857,-20.374342997023206
74450.76997386965,-11.040163019403344,74450.76997386965,-13.353662672841516,73732.71603411723,-14.604729536518532,74450.76997386965,-16.155108178988538,74450.76997386965,-18.237836149859593,74450.76997386965,-20.540001650523813
76696.88383740342,-10.953075216462668,76696.88383740342,-13.21954543504009,75951.69389551335,-14.498140422435764,76696.88383740342,-16.160627277477445,76696.88383740342,-18.34343780106203,76696.88383740342,-20.723545529435597
79010.76096906362,-10.874057644303525,79010.76096906362,-13.090431222681381,78237.45164803814,-14.398534819909905,79010.76096906362,-16.180343102488102,79010.76096906362,-18.466711870901406,79010.76096906362,-20.92530573094451
81394.4457266998,-10.80335011509941,81394.4457266998,-12.96647091860629,80591.99902506298,-14.306099343539888,81394.4457266998,-16.21459093192165,81394.4457266998,-18.6080315297165,81394.4457266998,-21.14561335223647
83850.04414462823,-10.741192441023848,83850.04414462823,-12.847815405655766,83017.40624266128,-14.221020607924618,83850.04414462823,-16.263706043679207,83850.04414462823,-18.76776994784606,83850.04414462823,-21.384799490497347
86379.72579435824,-10.687824434250336,86379.72579435824,-12.734615566670698,85515.80581982803,-14.14348522766302,86379.72579435824,-16.328023715661917,86379.72579435824,-18.946300295628888,86379.72579435824,-21.643195242913087
88985.72570145204,-10.643485906952375,88985.72570145204,-12.627022284491996,88089.39445347943,-14.073679817354005,88985.72570145204,-16.40787922577092,88985.72570145204,-19.14399574340377,88985.72570145204,-21.92113170666962
91670.34632021541,-10.60841667130347,91670.34632021541,-12.525186441960589,90740.43494988036,-14.011790991596495,91670.34632021541,-16.503607851907343,91670.34632021541,-19.36122946150948,91670.34632021541,-22.218939978952843
94435.95956796348,-10.582856539477135,94435.95956796348,-12.429258921917388,93471.25821419731,-13.958005364989413,94435.95956796348,-16.61554487197232,94435.95956796348,-19.59837462028478,94435.95956796348,-22.536951156948653
97285.00892065895,-10.567045323646862,97285.00892065895,-12.3393906072033,96284.26529992807,-13.912509552131672,97285.00892065895,-16.744025563867,97285.00892065895,-19.85580439006848,97285.00892065895,-22.875496337843018
100220.01157177197,-10.561222835986166,100220.01157177197,-12.255732380659241,99181.92952000741,-13.87549016762219,100220.01157177197,-16.889385205492506,100220.01157177197,-20.133891941199337,100220.01157177197,-23.234906618821803
103243.56065627273,-10.565628888668543,103243.56065627273,-12.178435125126136,102166.7986214469,-13.84713382605989,103243.56065627273,-17.051959074749956,103243.56065627273,-20.433010444016126,103243.56065627273,-23.615513097070934
106358.32754171999,-10.580503293867507,106358.32754171999,-12.107649723444885,105241.49702542029,-13.827627142043683,106358.32754171999,-17.23208244954052,106358.32754171999,-20.75353306885766,106358.32754171999,-24.01764686977635
109567.0641884677,-10.606085863756558,109567.0641884677,-12.043527058456405,108408.7281347631,-13.817156730172496,109567.0641884677,-17.43009060776531,109567.0641884677,-21.09583298606269,109567.0641884677,-24.441639034123956
112872.60558107904,-10.642616410509197,112872.60558107904,-11.986218013001617,111671.27671091813,-13.815909205045239,112872.60558107904,-17.64631882732546,112872.60558107904,-21.46028336596998,112872.60558107904,-24.887820687299637
116277.87223309405,-10.690334746298939,116277.87223309405,-11.935873469921424,115032.01132241284,-13.824071181260832,116277.87223309405,-17.881102386122116,116277.87223309405,-21.847257378918354,116277.87223309405,-25.35652292648935
